{"count":1,"self":67.6209344,"total":294.9789526,"children":{"InitializeActuators":{"count":16,"self":0.0010084999999999998,"total":0.0010084999999999998,"children":null},"InitializeSensors":{"count":16,"self":0.0010904999999999999,"total":0.0010904999999999999,"children":null},"AgentSendState":{"count":156434,"self":0.44641359999999997,"total":2.4276402,"children":{"CollectObservations":{"count":500592,"self":0.1838292,"total":0.1838292,"children":null},"WriteActionMask":{"count":500592,"self":0.0500821,"total":0.0500821,"children":null},"RequestDecision":{"count":500592,"self":0.4245367,"total":1.7473153,"children":{"AgentInfo.ToProto":{"count":500592,"self":0.4060256,"total":1.3227786,"children":{"GenerateSensorData":{"count":500592,"self":0.91675299999999993,"total":0.91675299999999993,"children":null}}}}}}},"DecideAction":{"count":156434,"self":223.714048,"total":223.71404729999998,"children":null},"AgentAct":{"count":156434,"self":1.2089786,"total":1.2089786,"children":null},"AgentInfo.ToProto":{"count":325,"self":0.0010042999999999999,"total":0.0042495,"children":{"GenerateSensorData":{"count":325,"self":0.0032451999999999997,"total":0.0032451999999999997,"children":null}}}},"gauges":{"MoveToGoal.CumulativeReward":{"count":325,"max":-0.9463903,"min":-0.9867474,"runningAverage":-0.9701472,"value":-0.970670044,"weightedAverage":-0.96969837}},"metadata":{"timer_format_version":"0.1.0","start_time_seconds":"1741330947","unity_version":"6000.0.34f1","command_line_arguments":"C:\\Program Files\\Unity\\Hub\\Editor\\6000.0.34f1\\Editor\\Unity.exe -projectpath C:\\Users\\Serdar\\Desktop\\Projects\\ML-Agent -useHub -hubIPC -cloudEnvironment production","communication_protocol_version":"1.5.0","com.unity.ml-agents_version":"3.0.0","scene_name":"1","end_time_seconds":"1741331242"}}