{"count":1,"self":336.45859839999997,"total":1189.1110299,"children":{"InitializeActuators":{"count":8,"self":0.0020126,"total":0.0020126,"children":null},"InitializeSensors":{"count":8,"self":0.0030586,"total":0.0030586,"children":null},"AgentSendState":{"count":673501,"self":1.9489188,"total":25.128964399999997,"children":{"UpdateModelSpacePoses":{"count":1077608,"self":2.9721406,"total":2.9721406,"children":null},"UpdateLocalSpacePoses":{"count":1077608,"self":3.4764448,"total":3.4764448,"children":null},"CollectObservations":{"count":1077608,"self":4.6364408,"total":4.6364409,"children":null},"WriteActionMask":{"count":1077608,"self":0.2219679,"total":0.2219679,"children":null},"RequestDecision":{"count":1077608,"self":1.0802190999999999,"total":11.873051499999999,"children":{"AgentInfo.ToProto":{"count":1077608,"self":1.2478913,"total":10.7928324,"children":{"GenerateSensorData":{"count":1077608,"self":9.5449408,"total":9.5449410999999991,"children":null}}}}}}},"DecideAction":{"count":673501,"self":817.1416064,"total":817.1416176,"children":null},"AgentAct":{"count":673501,"self":9.6480312,"total":9.6582347999999989,"children":{"UpdateModelSpacePoses":{"count":541,"self":0.0025052,"total":0.0025052,"children":null},"UpdateLocalSpacePoses":{"count":541,"self":0.0015687,"total":0.0015687,"children":null},"AgentInfo.ToProto":{"count":541,"self":0.0015026999999999998,"total":0.0061297999999999995,"children":{"GenerateSensorData":{"count":541,"self":0.0046270999999999994,"total":0.0046270999999999994,"children":null}}}}},"UpdateModelSpacePoses":{"count":28241,"self":0.12395149999999999,"total":0.12395149999999999,"children":null},"UpdateLocalSpacePoses":{"count":28241,"self":0.089590099999999992,"total":0.089590099999999992,"children":null},"AgentInfo.ToProto":{"count":28241,"self":0.087815999999999991,"total":0.505014,"children":{"GenerateSensorData":{"count":28241,"self":0.41719799999999996,"total":0.41719799999999996,"children":null}}}},"gauges":{"Crawler.CumulativeReward":{"count":28782,"max":1966.91919,"min":-2,"runningAverage":5.82265663,"value":375.863678,"weightedAverage":271.587738}},"metadata":{"timer_format_version":"0.1.0","start_time_seconds":"1742035822","unity_version":"6000.0.34f1","command_line_arguments":"C:\\Program Files\\Unity\\Hub\\Editor\\6000.0.34f1\\Editor\\Unity.exe -projectpath C:\\Users\\Serdar\\Desktop\\Projects\\mlagents-projects\\Project -useHub -hubIPC -cloudEnvironment production","communication_protocol_version":"1.5.0","com.unity.ml-agents_version":"3.0.0","scene_name":"Crawler","end_time_seconds":"1742037011"}}