{"count":1,"self":203.7284224,"total":2347.016763,"children":{"InitializeActuators":{"count":12,"self":0.0015402999999999999,"total":0.0015402999999999999,"children":null},"InitializeSensors":{"count":12,"self":0.0015695,"total":0.0015695,"children":null},"AgentSendState":{"count":416817,"self":16.8663056,"total":26.0170608,"children":{"CollectObservations":{"count":1000368,"self":0.4671614,"total":0.4671614,"children":null},"WriteActionMask":{"count":1000368,"self":0.078794,"total":0.078794,"children":null},"RequestDecision":{"count":1000368,"self":0.83431329999999992,"total":8.6047998,"children":{"AgentInfo.ToProto":{"count":1000368,"self":0.97287649999999992,"total":7.7704865,"children":{"GenerateSensorData":{"count":1000368,"self":5.8261351999999995,"total":6.79761,"children":{"RayPerceptionSensor.Perceive":{"count":2000736,"self":0.9714748,"total":0.9714748,"children":null}}}}}}}}},"DecideAction":{"count":416817,"self":2110.6192384,"total":2110.6192604,"children":null},"AgentAct":{"count":416817,"self":6.6159092,"total":6.6333657,"children":{"AgentInfo.ToProto":{"count":769,"self":0.0035323,"total":0.0174564,"children":{"GenerateSensorData":{"count":769,"self":0.012332899999999999,"total":0.0139241,"children":{"RayPerceptionSensor.Perceive":{"count":1538,"self":0.0015911999999999999,"total":0.0015911999999999999,"children":null}}}}}}},"AgentInfo.ToProto":{"count":1317,"self":0.0036780999999999997,"total":0.015549899999999998,"children":{"GenerateSensorData":{"count":1317,"self":0.0108709,"total":0.0118718,"children":{"RayPerceptionSensor.Perceive":{"count":2634,"self":0.0010008999999999999,"total":0.0010008999999999999,"children":null}}}}}},"gauges":{"Test3.CumulativeReward":{"count":2086,"max":0.998809755,"min":-5.815562,"runningAverage":-0.2845107,"value":-0.468609184,"weightedAverage":-0.330852926}},"metadata":{"timer_format_version":"0.1.0","start_time_seconds":"1741948613","unity_version":"6000.0.34f1","command_line_arguments":"C:\\Program Files\\Unity\\Hub\\Editor\\6000.0.34f1\\Editor\\Unity.exe -projectpath C:\\Users\\Serdar\\Desktop\\Projects\\mlagents-projects\\Project -useHub -hubIPC -cloudEnvironment production","communication_protocol_version":"1.5.0","com.unity.ml-agents_version":"3.0.0","scene_name":"Test3","end_time_seconds":"1741950960"}}